Tipo de Paralelização;Número de Threads;Tamanho da Entrada;Tempo de Computação Paralela (s);Tempo de I/O (s);Tempo Total (s);Média  da Computação Paralela;in. conf. de Computação Paralela;Alfa;Desvio padrão;Tamanho;;;;;;;;;;;;;;;;
pth;1;16;0,000249;0,000026;0,000287;0,000180;0,026939794;0,5;0,126305;10;;;;;;;;;;;;;;;;
pth;1;16;0,000117;0,000034;0,000158;0,000053;;;;;;;;;;0,00;10,00;20,00;30,00;40,00;50,00;60,00;70,00;80,00;90,00;100,00
pth;1;16;0,000132;0,000068;0,000211;0,000243;;;;;;;;;;Input;16;32;64;128;256;512;1024;2048;4096;8192
pth;1;16;0,000197;0,000056;0,000263;;;;;;;;offset;;Threads;Média;;;;;;;;;;
pth;1;16;0,000205;0,000057;0,000274;;;;;;;;0;;1;;0,0001797;0,0003216;0,00093;0,003395;0,0110409;0,0318331;0,1067903;0,3643774;1,2518265;4,1922224
pth;1;16;0,000197;0,000066;0,000273;;;;;;;;110;;2;;0,0001433;0,0002087;0,0005498;0,0018513;0,0064781;0,0193015;0,0571706;0,188751;0,6419594;2,134954
pth;1;16;0,000185;0,000033;0,000225;;;;;;;;220;;4;;0,0001409;0,0002095;0,0004406;0,0014865;0,0050781;0,0164157;0,0516457;0,1721688;0,5921262;1,9498497
pth;1;16;0,000128;0,000070;0,000206;;;;;;;;330;;8;;0,0001645;0,0002368;0,0003997;0,0010306;0,003567;0,0133257;0,0436597;0,1419887;0,4878244;1,6030787
pth;1;16;0,000201;0,000065;0,000278;;;;;;;;440;;16;;0,0002989;0,0003307;0,0003926;0,0010079;0,0026183;0,0096984;0,0317075;0,1050028;0,3516418;0,71778675
pth;1;16;0,000186;0,000056;0,000252;;;;;;;;550;;32;;0,0005011;0,0004574;0,0004945;0,0008749;0,0030725;0,0086459;0,0276806;0,0856338;0,279978;0,564020375
\n;;;;;;;;;;;;;;;;;;;;;;;;;;
pth;1;32;0,000248;0,000046;0,000301;0,000322;;;;;;;;;;;;;;;;;;;;
pth;1;32;0,000252;0,000051;0,000311;;;;;;;;;;;;;;;;;;;;;
pth;1;32;0,000400;0,000049;0,000455;;;;;ALFA;POP;;;;Threads;Desvio padrão;Inter. conf.;;;;;;;;;
pth;1;32;0,000246;0,000043;0,000295;;;;;0,5;10;;;;1;0,126304525;0,026939794;;;;;;;;;
pth;1;32;0,000251;0,000071;0,000334;;;;;;;;;;2;0,065354068;0,013939525;;;;;;;;;
pth;1;32;0,000262;0,000072;0,000345;;;;;;;;;;4;0,059695373;0,012732569;;;;;;;;;
pth;1;32;0,000264;0,000072;0,000347;;;;;;;;;;8;0,049334917;0,010522762;;;;;;;;;
pth;1;32;0,000463;0,000077;0,000552;;;;;;;;;;16;0,036412235;0,007766452;;;;;;;;;
pth;1;32;0,000403;0,000045;0,000455;;;;;;;;;;32;0,02965861;0,006325956;;;;;;;;;
pth;1;32;0,000427;0,000046;0,000480;;;;;;;;;;;;;;;;;;;;;
\n;;;;;;;;;;;;;;;;;;;;;;;;;;
pth;1;64;0,001265;0,000158;0,001435;0,000959;;;;;;;;;;;;;;;;;;;;
pth;1;64;0,001131;0,000163;0,001305;;;;;;;;;;;;;;;;;;;;;
pth;1;64;0,001130;0,000205;0,001351;;;;;;;;;;;;;;;;;;;;;
pth;1;64;0,001373;0,000098;0,001478;;;;;;;;;;;;;;;;;;;;;
pth;1;64;0,000761;0,000167;0,000941;;;;;;;;;;;;;;;;;;;;;
pth;1;64;0,000764;0,000182;0,000959;;;;;;;;;;;;;;;;;;;;;
pth;1;64;0,000963;0,000188;0,001165;;;;;;;;;;;;;;;;;;;;;
pth;1;64;0,000749;0,000174;0,000935;;;;;;;;;;;;;;;;;;;;;
pth;1;64;0,000737;0,000092;0,000836;;;;;;;;;;;;;;;;;;;;;
pth;1;64;0,000721;0,000095;0,000823;;;;;;;;;;;;;;;;;;;;;
\n;;;;;;;;;;;;;;;;;;;;;;;;;;
pth;1;128;0,002685;0,000519;0,003218;0,004054;;;;;;;;;;;;;;;;;;;;
pth;1;128;0,002692;0,000646;0,003352;;;;;;;;;;;;;;;;;;;;;
pth;1;128;0,005344;0,000868;0,006227;;;;;;;;;;;;;;;;;;;;;
pth;1;128;0,002698;0,000528;0,003239;;;;;;;;;;;;;;;;;;;;;
pth;1;128;0,002720;0,000545;0,003279;;;;;;;;;;;;;;;;;;;;;
pth;1;128;0,005425;0,000324;0,005756;;;;;;;;;;;;;;;;;;;;;
pth;1;128;0,005465;0,000389;0,005862;;;;;;;;;;;;;;;;;;;;;
pth;1;128;0,005463;0,000622;0,006099;;;;;;;;;;;;;;;;;;;;;
pth;1;128;0,005360;0,000289;0,005657;;;;;;;;;;;;;;;;;;;;;
pth;1;128;0,002690;0,000530;0,003233;;;;;;;;;;;;;;;;;;;;;
\n;;;;;;;;;;;;;;;;;;;;;;;;;;
pth;1;256;0,013709;0,001956;0,015680;0,013356;;;;;;;;;;;;;;;;;;;;
pth;1;256;0,013684;0,001940;0,015640;;;;;;;;;;;;;;;;;;;;;
pth;1;256;0,014691;0,001923;0,016630;;;;;;;;;;;;;;;;;;;;;
pth;1;256;0,017029;0,002830;0,019878;;;;;;;;;;;;;;;;;;;;;
pth;1;256;0,011532;0,003074;0,014626;;;;;;;;;;;;;;;;;;;;;
pth;1;256;0,010527;0,001863;0,012406;;;;;;;;;;;;;;;;;;;;;
pth;1;256;0,015724;0,001951;0,017688;;;;;;;;;;;;;;;;;;;;;
pth;1;256;0,010438;0,001679;0,012131;;;;;;;;;;;;;;;;;;;;;
pth;1;256;0,013920;0,001955;0,015891;;;;;;;;;;;;;;;;;;;;;
pth;1;256;0,012304;0,001017;0,013336;;;;;;;;;;;;;;;;;;;;;
\n;;;;;;;;;;;;;;;;;;;;;;;;;;
pth;1;512;0,041473;0,006632;0,048126;0,043871;;;;;;;;;;;;;;;;;;;;
pth;1;512;0,045086;0,007691;0,052796;;;;;;;;;;;;;;;;;;;;;
pth;1;512;0,041584;0,010079;0,051684;;;;;;;;;;;;;;;;;;;;;
pth;1;512;0,044415;0,006163;0,050598;;;;;;;;;;;;;;;;;;;;;
pth;1;512;0,046147;0,007551;0,053714;;;;;;;;;;;;;;;;;;;;;
pth;1;512;0,047240;0,007649;0,054911;;;;;;;;;;;;;;;;;;;;;
pth;1;512;0,040997;0,006996;0,048013;;;;;;;;;;;;;;;;;;;;;
pth;1;512;0,043168;0,008860;0,052049;;;;;;;;;;;;;;;;;;;;;
pth;1;512;0,047109;0,007617;0,054746;;;;;;;;;;;;;;;;;;;;;
pth;1;512;0,041489;0,003988;0,045495;;;;;;;;;;;;;;;;;;;;;
\n;;;;;;;;;;;;;;;;;;;;;;;;;;
pth;1;1024;0,167271;0,028378;0,195672;0,167989;;;;;;;;;;;;;;;;;;;;
pth;1;1024;0,171380;0,019562;0,190957;;;;;;;;;;;;;;;;;;;;;
pth;1;1024;0,174326;0,022071;0,196418;;;;;;;;;;;;;;;;;;;;;
pth;1;1024;0,170773;0,020310;0,191099;;;;;;;;;;;;;;;;;;;;;
pth;1;1024;0,164150;0,022246;0,186419;;;;;;;;;;;;;;;;;;;;;
pth;1;1024;0,164323;0,023513;0,187856;;;;;;;;;;;;;;;;;;;;;
pth;1;1024;0,164296;0,022409;0,186724;;;;;;;;;;;;;;;;;;;;;
pth;1;1024;0,164190;0,024377;0,188588;;;;;;;;;;;;;;;;;;;;;
pth;1;1024;0,170628;0,026803;0,197456;;;;;;;;;;;;;;;;;;;;;
pth;1;1024;0,168556;0,031905;0,200482;;;;;;;;;;;;;;;;;;;;;
\n;;;;;;;;;;;;;;;;;;;;;;;;;;
pth;1;2048;0,663284;0,088341;0,751645;0,661841;;;;;;;;;;;;;;;;;;;;
pth;1;2048;0,655610;0,090607;0,746243;;;;;;;;;;;;;;;;;;;;;
pth;1;2048;0,661373;0,089816;0,751217;;;;;;;;;;;;;;;;;;;;;
pth;1;2048;0,667364;0,087745;0,755137;;;;;;;;;;;;;;;;;;;;;
pth;1;2048;0,659593;0,088422;0,748040;;;;;;;;;;;;;;;;;;;;;
pth;1;2048;0,662387;0,085952;0,748363;;;;;;;;;;;;;;;;;;;;;
pth;1;2048;0,659881;0,084439;0,744345;;;;;;;;;;;;;;;;;;;;;
pth;1;2048;0,662706;0,104090;0,766816;;;;;;;;;;;;;;;;;;;;;
pth;1;2048;0,662393;0,082909;0,745328;;;;;;;;;;;;;;;;;;;;;
pth;1;2048;0,663818;0,087472;0,751316;;;;;;;;;;;;;;;;;;;;;
\n;;;;;;;;;;;;;;;;;;;;;;;;;;
pth;1;4096;2,629958;0,353493;2.983.474;2,626613;;;;;;;;;;;;;;;;;;;;
pth;1;4096;2,626158;0,369830;2.996.011;;;;;;;;;;;;;;;;;;;;;
pth;1;4096;2,624007;0,360446;2.984.475;;;;;;;;;;;;;;;;;;;;;
pth;1;4096;2,623727;0,355532;2.979.282;;;;;;;;;;;;;;;;;;;;;
pth;1;4096;2,636812;0,366986;3.003.823;;;;;;;;;;;;;;;;;;;;;
pth;1;4096;2,622915;0,385770;3.008.710;;;;;;;;;;;;;;;;;;;;;
pth;1;4096;2,631583;0,382134;3.013.737;;;;;;;;;;;;;;;;;;;;;
pth;1;4096;2,620218;0,351587;2.971.826;;;;;;;;;;;;;;;;;;;;;
pth;1;4096;2,626431;0,365249;2.991.701;;;;;;;;;;;;;;;;;;;;;
pth;1;4096;2,624324;0,347049;2.971.393;;;;;;;;;;;;;;;;;;;;;
\n;;;;;;;;;;;;;;;;;;;;;;;;;;
pth;1;8192;10,467926;1.419.767;11.887.718;10,4527317;;;;;;;;;;;;;;;;;;;;
pth;1;8192;10,444281;1.471.391;11.915.697;;;;;;;;;;;;;;;;;;;;;
pth;1;8192;10,468426;1.471.871;11.940.323;;;;;;;;;;;;;;;;;;;;;
pth;1;8192;10,434483;1.407.091;11.841.600;;;;;;;;;;;;;;;;;;;;;
pth;1;8192;10,437104;1.448.587;11.885.718;;;;;;;;;;;;;;;;;;;;;
pth;1;8192;10,464853;1.510.059;11.974.936;;;;;;;;;;;;;;;;;;;;;
pth;1;8192;10,449354;1.471.461;11.920.843;;;;;;;;;;;;;;;;;;;;;
pth;1;8192;10,452944;1.535.369;11.988.337;;;;;;;;;;;;;;;;;;;;;
pth;1;8192;10,455933;1.500.012;11.955.967;;;;;;;;;;;;;;;;;;;;;
pth;1;8192;10,452013;1.457.961;11.910.001;;;;;;;;;;;;;;;;;;;;;
\n;;;;;;;;;;;;;;;;;;;;;;;;;;
pth;2;16;0,000183;0,019650;0,019856;0,000143;0,01394;;0,065354;;;;;;;;;;;;;;;;;
pth;2;16;0,000134;0,000035;0,000176;;;;;;;;;;;;;;;;;;;;;
pth;2;16;0,000178;0,000069;0,000259;;;;;;;;;;;;;;;;;;;;;
pth;2;16;0,000147;0,000063;0,000220;;;;;;;;;;;;;;;;;;;;;
pth;2;16;0,000153;0,000060;0,000225;;;;;;;;;;;;;;;;;;;;;
pth;2;16;0,000141;0,000034;0,000181;;;;;;;;;;;;;;;;;;;;;
pth;2;16;0,000143;0,000036;0,000185;;;;;;;;;;;;;;;;;;;;;
pth;2;16;0,000145;0,000034;0,000186;;;;;;;;;;;;;;;;;;;;;
pth;2;16;0,000095;0,000034;0,000136;;;;;;;;;;;;;;;;;;;;;
pth;2;16;0,000114;0,000056;0,000181;;;;;;;;;;;;;;;;;;;;;
\n;;;;;;;;;;;;;;;;;;;;;;;;;;
pth;2;32;0,000161;0,000073;0,000248;0,000209;;;;;;;;;;;;;;;;;;;;
pth;2;32;0,000153;0,000044;0,000204;;;;;;;;;;;;;;;;;;;;;
pth;2;32;0,000291;0,000079;0,000383;;;;;;;;;;;;;;;;;;;;;
pth;2;32;0,000240;0,000051;0,000298;;;;;;;;;;;;;;;;;;;;;
pth;2;32;0,000196;0,000049;0,000251;;;;;;;;;;;;;;;;;;;;;
pth;2;32;0,000161;0,000047;0,000215;;;;;;;;;;;;;;;;;;;;;
pth;2;32;0,000163;0,000074;0,000249;;;;;;;;;;;;;;;;;;;;;
pth;2;32;0,000197;0,000074;0,000281;;;;;;;;;;;;;;;;;;;;;
pth;2;32;0,000253;0,000073;0,000336;;;;;;;;;;;;;;;;;;;;;
pth;2;32;0,000272;0,000092;0,000376;;;;;;;;;;;;;;;;;;;;;
\n;;;;;;;;;;;;;;;;;;;;;;;;;;
pth;2;64;0,000586;0,000094;0,000688;0,000592;;;;;;;;;;;;;;;;;;;;
pth;2;64;0,000411;0,000181;0,000603;;;;;;;;;;;;;;;;;;;;;
pth;2;64;0,000413;0,000238;0,000663;;;;;;;;;;;;;;;;;;;;;
pth;2;64;0,000683;0,000155;0,000848;;;;;;;;;;;;;;;;;;;;;
pth;2;64;0,000408;0,000154;0,000573;;;;;;;;;;;;;;;;;;;;;
pth;2;64;0,000770;0,000163;0,000946;;;;;;;;;;;;;;;;;;;;;
pth;2;64;0,000677;0,000160;0,000849;;;;;;;;;;;;;;;;;;;;;
pth;2;64;0,000689;0,000175;0,000877;;;;;;;;;;;;;;;;;;;;;
pth;2;64;0,000589;0,000101;0,000697;;;;;;;;;;;;;;;;;;;;;
pth;2;64;0,000693;0,000238;0,000945;;;;;;;;;;;;;;;;;;;;;
\n;;;;;;;;;;;;;;;;;;;;;;;;;;
pth;2;128;0,002278;0,000462;0,002752;0,002251;;;;;;;;;;;;;;;;;;;;
pth;2;128;0,002075;0,000326;0,002408;;;;;;;;;;;;;;;;;;;;;
pth;2;128;0,002744;0,000525;0,003283;;;;;;;;;;;;;;;;;;;;;
pth;2;128;0,001396;0,000530;0,001940;;;;;;;;;;;;;;;;;;;;;
pth;2;128;0,001410;0,000746;0,002171;;;;;;;;;;;;;;;;;;;;;
pth;2;128;0,001799;0,000266;0,002072;;;;;;;;;;;;;;;;;;;;;
pth;2;128;0,002755;0,000512;0,003282;;;;;;;;;;;;;;;;;;;;;
pth;2;128;0,002774;0,000482;0,003270;;;;;;;;;;;;;;;;;;;;;
pth;2;128;0,002800;0,000299;0,003107;;;;;;;;;;;;;;;;;;;;;
pth;2;128;0,002479;0,000268;0,002753;;;;;;;;;;;;;;;;;;;;;
\n;;;;;;;;;;;;;;;;;;;;;;;;;;
pth;2;256;0,006845;0,001077;0,007929;0,007812;;;;;;;;;;;;;;;;;;;;
pth;2;256;0,008286;0,000984;0,009282;;;;;;;;;;;;;;;;;;;;;
pth;2;256;0,005404;0,001903;0,007322;;;;;;;;;;;;;;;;;;;;;
pth;2;256;0,009543;0,001955;0,011512;;;;;;;;;;;;;;;;;;;;;
pth;2;256;0,008970;0,001073;0,010052;;;;;;;;;;;;;;;;;;;;;
pth;2;256;0,010063;0,001004;0,011080;;;;;;;;;;;;;;;;;;;;;
pth;2;256;0,007617;0,001488;0,009119;;;;;;;;;;;;;;;;;;;;;
pth;2;256;0,006762;0,002217;0,008992;;;;;;;;;;;;;;;;;;;;;
pth;2;256;0,009328;0,001955;0,011296;;;;;;;;;;;;;;;;;;;;;
pth;2;256;0,005303;0,001950;0,007269;;;;;;;;;;;;;;;;;;;;;
\n;;;;;;;;;;;;;;;;;;;;;;;;;;
pth;2;512;0,026924;0,007554;0,034496;0,026504;;;;;;;;;;;;;;;;;;;;
pth;2;512;0,025145;0,004144;0,029307;;;;;;;;;;;;;;;;;;;;;
pth;2;512;0,028071;0,004131;0,032222;;;;;;;;;;;;;;;;;;;;;
pth;2;512;0,027642;0,007913;0,035577;;;;;;;;;;;;;;;;;;;;;
pth;2;512;0,028483;0,004593;0,033097;;;;;;;;;;;;;;;;;;;;;
pth;2;512;0,027740;0,007046;0,034809;;;;;;;;;;;;;;;;;;;;;
pth;2;512;0,024260;0,010776;0,035056;;;;;;;;;;;;;;;;;;;;;
pth;2;512;0,023373;0,011051;0,034443;;;;;;;;;;;;;;;;;;;;;
pth;2;512;0,026902;0,006957;0,033882;;;;;;;;;;;;;;;;;;;;;
pth;2;512;0,026498;0,005861;0,032379;;;;;;;;;;;;;;;;;;;;;
\n;;;;;;;;;;;;;;;;;;;;;;;;;;
pth;2;1024;0,089469;0,019426;0,108921;0,087761;;;;;;;;;;;;;;;;;;;;
pth;2;1024;0,086653;0,020943;0,107613;;;;;;;;;;;;;;;;;;;;;
pth;2;1024;0,090816;0,020942;0,111778;;;;;;;;;;;;;;;;;;;;;
pth;2;1024;0,089031;0,017487;0,106541;;;;;;;;;;;;;;;;;;;;;
pth;2;1024;0,086964;0,023152;0,110140;;;;;;;;;;;;;;;;;;;;;
pth;2;1024;0,088773;0,022944;0,111740;;;;;;;;;;;;;;;;;;;;;
pth;2;1024;0,086784;0,020961;0,107765;;;;;;;;;;;;;;;;;;;;;
pth;2;1024;0,087877;0,022354;0,110252;;;;;;;;;;;;;;;;;;;;;
pth;2;1024;0,087969;0,019176;0,107166;;;;;;;;;;;;;;;;;;;;;
pth;2;1024;0,083274;0,018544;0,101841;;;;;;;;;;;;;;;;;;;;;
\n;;;;;;;;;;;;;;;;;;;;;;;;;;
pth;2;2048;0,342001;0,083360;0,425380;0,343414;;;;;;;;;;;;;;;;;;;;
pth;2;2048;0,340905;0,076447;0,417375;;;;;;;;;;;;;;;;;;;;;
pth;2;2048;0,343394;0,087564;0,430979;;;;;;;;;;;;;;;;;;;;;
pth;2;2048;0,339569;0,085167;0,424758;;;;;;;;;;;;;;;;;;;;;
pth;2;2048;0,342900;0,088052;0,430972;;;;;;;;;;;;;;;;;;;;;
pth;2;2048;0,352907;0,085215;0,438138;;;;;;;;;;;;;;;;;;;;;
pth;2;2048;0,357574;0,081877;0,439476;;;;;;;;;;;;;;;;;;;;;
pth;2;2048;0,339141;0,084095;0,423258;;;;;;;;;;;;;;;;;;;;;
pth;2;2048;0,337285;0,079850;0,417158;;;;;;;;;;;;;;;;;;;;;
pth;2;2048;0,338465;0,089111;0,427604;;;;;;;;;;;;;;;;;;;;;
\n;;;;;;;;;;;;;;;;;;;;;;;;;;
pth;2;4096;1,342342;0,368673;1.711.049;1,342250;;;;;;;;;;;;;;;;;;;;
pth;2;4096;1,336382;0,387870;1.724.274;;;;;;;;;;;;;;;;;;;;;
pth;2;4096;1,333029;0,363786;1.696.836;;;;;;;;;;;;;;;;;;;;;
pth;2;4096;1,338199;0,350582;1.688.809;;;;;;;;;;;;;;;;;;;;;
pth;2;4096;1,341914;0,371504;1.713.444;;;;;;;;;;;;;;;;;;;;;
pth;2;4096;1,353257;2.475.856;3.829.137;;;;;;;;;;;;;;;;;;;;;
pth;2;4096;1,337013;0,373518;1.710.552;;;;;;;;;;;;;;;;;;;;;
pth;2;4096;1,340611;0,347603;1.688.234;;;;;;;;;;;;;;;;;;;;;
pth;2;4096;1,350369;0,362026;1.712.421;;;;;;;;;;;;;;;;;;;;;
pth;2;4096;1,349380;0,347961;1.697.366;;;;;;;;;;;;;;;;;;;;;
\n;;;;;;;;;;;;;;;;;;;;;;;;;;
pth;2;8192;5,301192;4.335.416;9.636.632;5,308725;;;;;;;;;;;;;;;;;;;;
pth;2;8192;5,304576;1.432.057;6.736.652;;;;;;;;;;;;;;;;;;;;;
pth;2;8192;5,313785;1.478.567;6.792.375;;;;;;;;;;;;;;;;;;;;;
pth;2;8192;5,322229;1.457.568;6.779.820;;;;;;;;;;;;;;;;;;;;;
pth;2;8192;5,293831;1.421.210;6.715.064;;;;;;;;;;;;;;;;;;;;;
pth;2;8192;5,306966;1.414.063;6.721.053;;;;;;;;;;;;;;;;;;;;;
pth;2;8192;5,309738;3.651.238;8.961.003;;;;;;;;;;;;;;;;;;;;;
pth;2;8192;5,311220;1.467.743;6.778.988;;;;;;;;;;;;;;;;;;;;;
pth;2;8192;5,308925;1.426.246;6.735.193;;;;;;;;;;;;;;;;;;;;;
pth;2;8192;5,314791;3.635.835;8.950.653;;;;;;;;;;;;;;;;;;;;;
\n;;;;;;;;;;;;;;;;;;;;;;;;;;
pth;4;16;0,000210;0,012831;0,013063;0,000141;0,012733;;0,059695;;;;;;;;;;;;;;;;;
pth;4;16;0,000153;0,000067;0,000234;;;;;;;;;;;;;;;;;;;;;
pth;4;16;0,000149;0,000036;0,000191;;;;;;;;;;;;;;;;;;;;;
pth;4;16;0,000160;0,000064;0,000235;;;;;;;;;;;;;;;;;;;;;
pth;4;16;0,000166;0,000043;0,000220;;;;;;;;;;;;;;;;;;;;;
pth;4;16;0,000120;0,000030;0,000160;;;;;;;;;;;;;;;;;;;;;
pth;4;16;0,000100;0,000043;0,000150;;;;;;;;;;;;;;;;;;;;;
pth;4;16;0,000094;0,000037;0,000138;;;;;;;;;;;;;;;;;;;;;
pth;4;16;0,000125;0,000039;0,000173;;;;;;;;;;;;;;;;;;;;;
pth;4;16;0,000132;0,000060;0,000203;;;;;;;;;;;;;;;;;;;;;
\n;;;;;;;;;;;;;;;;;;;;;;;;;;
pth;4;32;0,000189;0,000080;0,000280;0,000210;;;;;;;;;;;;;;;;;;;;
pth;4;32;0,000139;0,000067;0,000214;;;;;;;;;;;;;;;;;;;;;
pth;4;32;0,000219;0,000047;0,000274;;;;;;;;;;;;;;;;;;;;;
pth;4;32;0,000239;0,000078;0,000329;;;;;;;;;;;;;;;;;;;;;
pth;4;32;0,000239;0,000074;0,000324;;;;;;;;;;;;;;;;;;;;;
pth;4;32;0,000174;0,000043;0,000225;;;;;;;;;;;;;;;;;;;;;
pth;4;32;0,000241;0,000075;0,000327;;;;;;;;;;;;;;;;;;;;;
pth;4;32;0,000196;0,000050;0,000256;;;;;;;;;;;;;;;;;;;;;
pth;4;32;0,000222;0,000048;0,000276;;;;;;;;;;;;;;;;;;;;;
pth;4;32;0,000237;0,000076;0,000324;;;;;;;;;;;;;;;;;;;;;
\n;;;;;;;;;;;;;;;;;;;;;;;;;;
pth;4;64;0,000375;0,000100;0,000482;0,000484;;;;;;;;;;;;;;;;;;;;
pth;4;64;0,000365;0,000092;0,000464;;;;;;;;;;;;;;;;;;;;;
pth;4;64;0,000662;0,000169;0,000843;;;;;;;;;;;;;;;;;;;;;
pth;4;64;0,000443;0,000118;0,000570;;;;;;;;;;;;;;;;;;;;;
pth;4;64;0,000378;0,000093;0,000477;;;;;;;;;;;;;;;;;;;;;
pth;4;64;0,000439;0,000157;0,000607;;;;;;;;;;;;;;;;;;;;;
pth;4;64;0,000370;0,000092;0,000469;;;;;;;;;;;;;;;;;;;;;
pth;4;64;0,000571;0,000161;0,000744;;;;;;;;;;;;;;;;;;;;;
pth;4;64;0,000566;0,000157;0,000736;;;;;;;;;;;;;;;;;;;;;
pth;4;64;0,000673;0,000096;0,000779;;;;;;;;;;;;;;;;;;;;;
\n;;;;;;;;;;;;;;;;;;;;;;;;;;
pth;4;128;0,001318;0,000717;0,002045;0,001615;;;;;;;;;;;;;;;;;;;;
pth;4;128;0,001946;0,000269;0,002222;;;;;;;;;;;;;;;;;;;;;
pth;4;128;0,002176;0,000457;0,002645;;;;;;;;;;;;;;;;;;;;;
pth;4;128;0,001268;0,000267;0,001542;;;;;;;;;;;;;;;;;;;;;
pth;4;128;0,001328;0,000268;0,001604;;;;;;;;;;;;;;;;;;;;;
pth;4;128;0,001377;0,000270;0,001656;;;;;;;;;;;;;;;;;;;;;
pth;4;128;0,002023;0,000267;0,002297;;;;;;;;;;;;;;;;;;;;;
pth;4;128;0,002190;0,000468;0,002669;;;;;;;;;;;;;;;;;;;;;
pth;4;128;0,001265;0,000270;0,001543;;;;;;;;;;;;;;;;;;;;;
pth;4;128;0,001262;0,000269;0,001538;;;;;;;;;;;;;;;;;;;;;
\n;;;;;;;;;;;;;;;;;;;;;;;;;;
pth;4;256;0,004879;0,001098;0,005985;0,006582;;;;;;;;;;;;;;;;;;;;
pth;4;256;0,007563;0,000981;0,008557;;;;;;;;;;;;;;;;;;;;;
pth;4;256;0,004833;0,000980;0,005822;;;;;;;;;;;;;;;;;;;;;
pth;4;256;0,006562;0,001668;0,008241;;;;;;;;;;;;;;;;;;;;;
pth;4;256;0,008010;0,001006;0,009023;;;;;;;;;;;;;;;;;;;;;
pth;4;256;0,009324;0,001538;0,010872;;;;;;;;;;;;;;;;;;;;;
pth;4;256;0,004893;0,000981;0,005884;;;;;;;;;;;;;;;;;;;;;
pth;4;256;0,010013;0,001539;0,011566;;;;;;;;;;;;;;;;;;;;;
pth;4;256;0,004862;0,000985;0,005856;;;;;;;;;;;;;;;;;;;;;
pth;4;256;0,004879;0,000985;0,005873;;;;;;;;;;;;;;;;;;;;;
\n;;;;;;;;;;;;;;;;;;;;;;;;;;
pth;4;512;0,023662;0,003855;0,027531;0,023484;;;;;;;;;;;;;;;;;;;;
pth;4;512;0,024969;0,007484;0,032475;;;;;;;;;;;;;;;;;;;;;
pth;4;512;0,023076;0,007317;0,030412;;;;;;;;;;;;;;;;;;;;;
pth;4;512;0,022473;0,007901;0,030397;;;;;;;;;;;;;;;;;;;;;
pth;4;512;0,023383;0,009162;0,032565;;;;;;;;;;;;;;;;;;;;;
pth;4;512;0,021947;0,008289;0,030260;;;;;;;;;;;;;;;;;;;;;
pth;4;512;0,023592;0,003883;0,027494;;;;;;;;;;;;;;;;;;;;;
pth;4;512;0,024160;0,003900;0,028084;;;;;;;;;;;;;;;;;;;;;
pth;4;512;0,024903;0,003899;0,028823;;;;;;;;;;;;;;;;;;;;;
pth;4;512;0,022671;0,003928;0,026620;;;;;;;;;;;;;;;;;;;;;
\n;;;;;;;;;;;;;;;;;;;;;;;;;;
pth;4;1024;0,079532;0,022881;0,102430;0,079681;;;;;;;;;;;;;;;;;;;;
pth;4;1024;0,078750;0,024820;0,103592;;;;;;;;;;;;;;;;;;;;;
pth;4;1024;0,081894;0,022329;0,104245;;;;;;;;;;;;;;;;;;;;;
pth;4;1024;0,078044;0,022434;0,100494;;;;;;;;;;;;;;;;;;;;;
pth;4;1024;0,080964;0,017106;0,098089;;;;;;;;;;;;;;;;;;;;;
pth;4;1024;0,081234;0,018743;0,099998;;;;;;;;;;;;;;;;;;;;;
pth;4;1024;0,079806;0,023688;0,103513;;;;;;;;;;;;;;;;;;;;;
pth;4;1024;0,080152;0,021687;0,101858;;;;;;;;;;;;;;;;;;;;;
pth;4;1024;0,077151;0,020630;0,097799;;;;;;;;;;;;;;;;;;;;;
pth;4;1024;0,079284;0,016408;0,095710;;;;;;;;;;;;;;;;;;;;;
\n;;;;;;;;;;;;;;;;;;;;;;;;;;
pth;4;2048;0,308503;0,081864;0,390390;0,312822;;;;;;;;;;;;;;;;;;;;
pth;4;2048;0,306098;0,081599;0,387718;;;;;;;;;;;;;;;;;;;;;
pth;4;2048;0,317556;0,087705;0,405288;;;;;;;;;;;;;;;;;;;;;
pth;4;2048;0,310940;0,082050;0,393015;;;;;;;;;;;;;;;;;;;;;
pth;4;2048;0,305527;0,835443;1.140.991;;;;;;;;;;;;;;;;;;;;;
pth;4;2048;0,312128;0,080740;0,392894;;;;;;;;;;;;;;;;;;;;;
pth;4;2048;0,319598;0,080884;0,400506;;;;;;;;;;;;;;;;;;;;;
pth;4;2048;0,320880;0,074824;0,395728;;;;;;;;;;;;;;;;;;;;;
pth;4;2048;0,312205;0,077093;0,389319;;;;;;;;;;;;;;;;;;;;;
pth;4;2048;0,314785;0,076525;0,391329;;;;;;;;;;;;;;;;;;;;;
\n;;;;;;;;;;;;;;;;;;;;;;;;;;
pth;4;4096;1,233457;0,339000;1.572.481;1,231089;;;;;;;;;;;;;;;;;;;;
pth;4;4096;1,241516;0,348254;1.589.793;;;;;;;;;;;;;;;;;;;;;
pth;4;4096;1,250226;0,363148;1.613.394;;;;;;;;;;;;;;;;;;;;;
pth;4;4096;1,222655;0,365726;1.588.403;;;;;;;;;;;;;;;;;;;;;
pth;4;4096;1,217007;0,365869;1.582.895;;;;;;;;;;;;;;;;;;;;;
pth;4;4096;1,237060;0,375154;1.612.235;;;;;;;;;;;;;;;;;;;;;
pth;4;4096;1,241638;0,343012;1.584.684;;;;;;;;;;;;;;;;;;;;;
pth;4;4096;1,214059;0,361379;1.575.459;;;;;;;;;;;;;;;;;;;;;
pth;4;4096;1,236931;0,351639;1.588.595;;;;;;;;;;;;;;;;;;;;;
pth;4;4096;1,216345;0,339967;1.556.331;;;;;;;;;;;;;;;;;;;;;
\n;;;;;;;;;;;;;;;;;;;;;;;;;;
pth;4;8192;4,844273;1.416.090;6.260.384;4,844578;;;;;;;;;;;;;;;;;;;;
pth;4;8192;4,818303;1.440.187;6.258.513;;;;;;;;;;;;;;;;;;;;;
pth;4;8192;4,848947;1.443.942;6.292.914;;;;;;;;;;;;;;;;;;;;;
pth;4;8192;4,861017;1.494.093;6.355.133;;;;;;;;;;;;;;;;;;;;;
pth;4;8192;4,855224;1.422.333;6.277.579;;;;;;;;;;;;;;;;;;;;;
pth;4;8192;4,866840;1.475.479;6.342.338;;;;;;;;;;;;;;;;;;;;;
pth;4;8192;4,822754;1.405.953;6.228.727;;;;;;;;;;;;;;;;;;;;;
pth;4;8192;4,834737;3.922.987;8.757.750;;;;;;;;;;;;;;;;;;;;;
pth;4;8192;4,847987;1.435.639;6.283.646;;;;;;;;;;;;;;;;;;;;;
pth;4;8192;4,845695;1.443.533;6.289.252;;;;;;;;;;;;;;;;;;;;;
\n;;;;;;;;;;;;;;;;;;;;;;;;;;
pth;8;16;0,000235;0,017406;0,017661;0,000165;0,010522762;;0,049335;;;;;;;;;;;;;;;;;
pth;8;16;0,000156;0,000083;0,000249;;;;;;;;;;;;;;;;;;;;;
pth;8;16;0,000136;0,000036;0,000178;;;;;;;;;;;;;;;;;;;;;
pth;8;16;0,000159;0,000041;0,000207;;;;;;;;;;;;;;;;;;;;;
pth;8;16;0,000199;0,000062;0,000273;;;;;;;;;;;;;;;;;;;;;
pth;8;16;0,000200;0,000050;0,000260;;;;;;;;;;;;;;;;;;;;;
pth;8;16;0,000144;0,000039;0,000190;;;;;;;;;;;;;;;;;;;;;
pth;8;16;0,000136;0,000063;0,000209;;;;;;;;;;;;;;;;;;;;;
pth;8;16;0,000135;0,000036;0,000178;;;;;;;;;;;;;;;;;;;;;
pth;8;16;0,000145;0,000037;0,000189;;;;;;;;;;;;;;;;;;;;;
\n;;;;;;;;;;;;;;;;;;;;;;;;;;
pth;8;32;0,000192;0,000079;0,000282;0,000237;;;;;;;;;;;;;;;;;;;;
pth;8;32;0,000209;0,000047;0,000263;;;;;;;;;;;;;;;;;;;;;
pth;8;32;0,000234;0,000077;0,000323;;;;;;;;;;;;;;;;;;;;;
pth;8;32;0,000288;0,000083;0,000382;;;;;;;;;;;;;;;;;;;;;
pth;8;32;0,000224;0,000084;0,000319;;;;;;;;;;;;;;;;;;;;;
pth;8;32;0,000191;0,000059;0,000271;;;;;;;;;;;;;;;;;;;;;
pth;8;32;0,000367;0,000099;0,000477;;;;;;;;;;;;;;;;;;;;;
pth;8;32;0,000233;0,000084;0,000327;;;;;;;;;;;;;;;;;;;;;
pth;8;32;0,000211;0,000080;0,000302;;;;;;;;;;;;;;;;;;;;;
pth;8;32;0,000219;0,000048;0,000274;;;;;;;;;;;;;;;;;;;;;
\n;;;;;;;;;;;;;;;;;;;;;;;;;;
pth;8;64;0,000346;0,000093;0,000447;0,000414;;;;;;;;;;;;;;;;;;;;
pth;8;64;0,000488;0,000118;0,000613;;;;;;;;;;;;;;;;;;;;;
pth;8;64;0,000578;0,000095;0,000679;;;;;;;;;;;;;;;;;;;;;
pth;8;64;0,000361;0,000100;0,000469;;;;;;;;;;;;;;;;;;;;;
pth;8;64;0,000358;0,000096;0,000461;;;;;;;;;;;;;;;;;;;;;
pth;8;64;0,000361;0,000104;0,000472;;;;;;;;;;;;;;;;;;;;;
pth;8;64;0,000372;0,000101;0,000481;;;;;;;;;;;;;;;;;;;;;
pth;8;64;0,000373;0,000097;0,000477;;;;;;;;;;;;;;;;;;;;;
pth;8;64;0,000541;0,000101;0,000650;;;;;;;;;;;;;;;;;;;;;
pth;8;64;0,000359;0,000092;0,000457;;;;;;;;;;;;;;;;;;;;;
\n;;;;;;;;;;;;;;;;;;;;;;;;;;
pth;8;128;0,001104;0,000316;0,001427;0,001162;;;;;;;;;;;;;;;;;;;;
pth;8;128;0,001071;0,000735;0,001816;;;;;;;;;;;;;;;;;;;;;
pth;8;128;0,001129;0,000280;0,001417;;;;;;;;;;;;;;;;;;;;;
pth;8;128;0,001094;0,000277;0,001379;;;;;;;;;;;;;;;;;;;;;
pth;8;128;0,001788;0,000276;0,002072;;;;;;;;;;;;;;;;;;;;;
pth;8;128;0,001055;0,000283;0,001345;;;;;;;;;;;;;;;;;;;;;
pth;8;128;0,001084;0,000277;0,001368;;;;;;;;;;;;;;;;;;;;;
pth;8;128;0,001081;0,000299;0,001388;;;;;;;;;;;;;;;;;;;;;
pth;8;128;0,001061;0,000280;0,001348;;;;;;;;;;;;;;;;;;;;;
pth;8;128;0,001153;0,000472;0,001633;;;;;;;;;;;;;;;;;;;;;
\n;;;;;;;;;;;;;;;;;;;;;;;;;;
pth;8;256;0,004178;0,001294;0,005480;0,004747;;;;;;;;;;;;;;;;;;;;
pth;8;256;0,003967;0,001084;0,005061;;;;;;;;;;;;;;;;;;;;;
pth;8;256;0,003934;0,001430;0,005374;;;;;;;;;;;;;;;;;;;;;
pth;8;256;0,007011;0,001071;0,008096;;;;;;;;;;;;;;;;;;;;;
pth;8;256;0,003882;0,001705;0,005598;;;;;;;;;;;;;;;;;;;;;
pth;8;256;0,005066;0,001213;0,006288;;;;;;;;;;;;;;;;;;;;;
pth;8;256;0,004337;0,001707;0,006054;;;;;;;;;;;;;;;;;;;;;
pth;8;256;0,004022;0,001005;0,005036;;;;;;;;;;;;;;;;;;;;;
pth;8;256;0,003974;0,001922;0,005909;;;;;;;;;;;;;;;;;;;;;
pth;8;256;0,007103;0,001758;0,008872;;;;;;;;;;;;;;;;;;;;;
\n;;;;;;;;;;;;;;;;;;;;;;;;;;
pth;8;512;0,018509;0,007610;0,026133;0,019295;;;;;;;;;;;;;;;;;;;;
pth;8;512;0,018337;0,003941;0,022294;;;;;;;;;;;;;;;;;;;;;
pth;8;512;0,015681;0,004413;0,020109;;;;;;;;;;;;;;;;;;;;;
pth;8;512;0,019071;0,004374;0,023463;;;;;;;;;;;;;;;;;;;;;
pth;8;512;0,020677;0,003926;0,024615;;;;;;;;;;;;;;;;;;;;;
pth;8;512;0,021546;0,007580;0,029142;;;;;;;;;;;;;;;;;;;;;
pth;8;512;0,020004;0,007526;0,027546;;;;;;;;;;;;;;;;;;;;;
pth;8;512;0,018545;0,006728;0,025295;;;;;;;;;;;;;;;;;;;;;
pth;8;512;0,020231;0,007671;0,027919;;;;;;;;;;;;;;;;;;;;;
pth;8;512;0,020346;0,008909;0,029276;;;;;;;;;;;;;;;;;;;;;
\n;;;;;;;;;;;;;;;;;;;;;;;;;;
pth;8;1024;0,071773;0,020643;0,092434;0,065928;;;;;;;;;;;;;;;;;;;;
pth;8;1024;0,065254;0,015617;0,080893;;;;;;;;;;;;;;;;;;;;;
pth;8;1024;0,067887;0,024414;0,092322;;;;;;;;;;;;;;;;;;;;;
pth;8;1024;0,066613;0,021271;0,087906;;;;;;;;;;;;;;;;;;;;;
pth;8;1024;0,064398;0,015468;0,079884;;;;;;;;;;;;;;;;;;;;;
pth;8;1024;0,064555;0,018997;0,083568;;;;;;;;;;;;;;;;;;;;;
pth;8;1024;0,065054;0,021432;0,086505;;;;;;;;;;;;;;;;;;;;;
pth;8;1024;0,061120;0,017029;0,078166;;;;;;;;;;;;;;;;;;;;;
pth;8;1024;0,066767;0,015639;0,082429;;;;;;;;;;;;;;;;;;;;;
pth;8;1024;0,065859;0,023425;0,089303;;;;;;;;;;;;;;;;;;;;;
\n;;;;;;;;;;;;;;;;;;;;;;;;;;
pth;8;2048;0,263078;0,077166;0,340261;0,262443;;;;;;;;;;;;;;;;;;;;
pth;8;2048;0,255274;0,080634;0,335926;;;;;;;;;;;;;;;;;;;;;
pth;8;2048;0,256527;0,077772;0,334317;;;;;;;;;;;;;;;;;;;;;
pth;8;2048;0,257255;0,077891;0,335164;;;;;;;;;;;;;;;;;;;;;
pth;8;2048;0,277217;0,082479;0,359720;;;;;;;;;;;;;;;;;;;;;
pth;8;2048;0,276072;0,090236;0,366331;;;;;;;;;;;;;;;;;;;;;
pth;8;2048;0,257249;0,081257;0,338524;;;;;;;;;;;;;;;;;;;;;
pth;8;2048;0,251598;0,111416;0,363033;;;;;;;;;;;;;;;;;;;;;
pth;8;2048;0,264256;0,085175;0,349451;;;;;;;;;;;;;;;;;;;;;
pth;8;2048;0,265905;0,080314;0,346238;;;;;;;;;;;;;;;;;;;;;
\n;;;;;;;;;;;;;;;;;;;;;;;;;;
pth;8;4096;1,013964;0,378378;1.392.363;1,007877;;;;;;;;;;;;;;;;;;;;
pth;8;4096;1,004518;0,357417;1.361.954;;;;;;;;;;;;;;;;;;;;;
pth;8;4096;1,010210;0,382722;1.392.957;;;;;;;;;;;;;;;;;;;;;
pth;8;4096;1,002287;3.905.849;4.908.162;;;;;;;;;;;;;;;;;;;;;
pth;8;4096;1,015808;0,394934;1.410.766;;;;;;;;;;;;;;;;;;;;;
pth;8;4096;1,009200;0,350276;1.359.501;;;;;;;;;;;;;;;;;;;;;
pth;8;4096;1,011687;2.443.646;3.455.354;;;;;;;;;;;;;;;;;;;;;
pth;8;4096;0,999055;0,364721;1.363.800;;;;;;;;;;;;;;;;;;;;;
pth;8;4096;1,014277;0,372481;1.386.779;;;;;;;;;;;;;;;;;;;;;
pth;8;4096;0,997764;0,358034;1.355.818;;;;;;;;;;;;;;;;;;;;;
\n;;;;;;;;;;;;;;;;;;;;;;;;;;
pth;8;8192;3,975217;1.431.115;5.406.356;3,975623;;;;;;;;;;;;;;;;;;;;
pth;8;8192;3,995282;1.522.634;5.517.937;;;;;;;;;;;;;;;;;;;;;
pth;8;8192;3,978011;1.459.881;5.437.913;;;;;;;;;;;;;;;;;;;;;
pth;8;8192;3,955252;1.506.193;5.461.470;;;;;;;;;;;;;;;;;;;;;
pth;8;8192;3,983375;1.442.840;5.426.239;;;;;;;;;;;;;;;;;;;;;
pth;8;8192;3,971470;4.918.053;8.889.545;;;;;;;;;;;;;;;;;;;;;
pth;8;8192;4,042110;1.484.000;5.526.131;;;;;;;;;;;;;;;;;;;;;
pth;8;8192;3,946841;1.473.791;5.420.651;;;;;;;;;;;;;;;;;;;;;
pth;8;8192;3,954203;4.894.984;8.849.205;;;;;;;;;;;;;;;;;;;;;
pth;8;8192;3,954467;1.440.304;5.394.792;;;;;;;;;;;;;;;;;;;;;
\n;;;;;;;;;;;;;;;;;;;;;;;;;;
pth;16;16;0,000391;0,015013;0,015426;0,000299;0,007766;;0,036412;;;;;;;;;;;;;;;;;
pth;16;16;0,000352;0,000067;0,000431;;;;;;;;;;;;;;;;;;;;;
pth;16;16;0,000329;0,000071;0,000413;;;;;;;;;;;;;;;;;;;;;
pth;16;16;0,000212;0,000041;0,000260;;;;;;;;;;;;;;;;;;;;;
pth;16;16;0,000316;0,000070;0,000398;;;;;;;;;;;;;;;;;;;;;
pth;16;16;0,000282;0,000061;0,000351;;;;;;;;;;;;;;;;;;;;;
pth;16;16;0,000232;0,000038;0,000276;;;;;;;;;;;;;;;;;;;;;
pth;16;16;0,000261;0,000066;0,000334;;;;;;;;;;;;;;;;;;;;;
pth;16;16;0,000309;0,000063;0,000381;;;;;;;;;;;;;;;;;;;;;
pth;16;16;0,000305;0,000064;0,000381;;;;;;;;;;;;;;;;;;;;;
\n;;;;;;;;;;;;;;;;;;;;;;;;;;
pth;16;32;0,000406;0,000083;0,000500;0,000331;;;;;;;;;;;;;;;;;;;;
pth;16;32;0,000402;0,000089;0,000503;;;;;;;;;;;;;;;;;;;;;
pth;16;32;0,000310;0,000082;0,000400;;;;;;;;;;;;;;;;;;;;;
pth;16;32;0,000303;0,000101;0,000413;;;;;;;;;;;;;;;;;;;;;
pth;16;32;0,000506;0,000085;0,000599;;;;;;;;;;;;;;;;;;;;;
pth;16;32;0,000340;0,000077;0,000428;;;;;;;;;;;;;;;;;;;;;
pth;16;32;0,000273;0,000046;0,000326;;;;;;;;;;;;;;;;;;;;;
pth;16;32;0,000254;0,000048;0,000310;;;;;;;;;;;;;;;;;;;;;
pth;16;32;0,000289;0,000079;0,000375;;;;;;;;;;;;;;;;;;;;;
pth;16;32;0,000224;0,000053;0,000284;;;;;;;;;;;;;;;;;;;;;
\n;;;;;;;;;;;;;;;;;;;;;;;;;;
pth;16;64;0,000404;0,000106;0,000516;0,000408;;;;;;;;;;;;;;;;;;;;
pth;16;64;0,000431;0,000097;0,000535;;;;;;;;;;;;;;;;;;;;;
pth;16;64;0,000428;0,000144;0,000579;;;;;;;;;;;;;;;;;;;;;
pth;16;64;0,000458;0,000106;0,000571;;;;;;;;;;;;;;;;;;;;;
pth;16;64;0,000459;0,000099;0,000565;;;;;;;;;;;;;;;;;;;;;
pth;16;64;0,000435;0,000144;0,000588;;;;;;;;;;;;;;;;;;;;;
pth;16;64;0,000313;0,000096;0,000415;;;;;;;;;;;;;;;;;;;;;
pth;16;64;0,000397;0,000109;0,000514;;;;;;;;;;;;;;;;;;;;;
pth;16;64;0,000377;0,000106;0,000490;;;;;;;;;;;;;;;;;;;;;
pth;16;64;0,000382;0,000098;0,000487;;;;;;;;;;;;;;;;;;;;;
\n;;;;;;;;;;;;;;;;;;;;;;;;;;
pth;16;128;0,001332;0,000283;0,001626;0,0026183;;;;;;;;;;;;;;;;;;;;
pth;16;128;0,001276;0,000423;0,001706;;;;;;;;;;;;;;;;;;;;;
pth;16;128;0,000899;0,000296;0,001203;;;;;;;;;;;;;;;;;;;;;
pth;16;128;0,001221;0,000275;0,001503;;;;;;;;;;;;;;;;;;;;;
pth;16;128;0,001511;0,000474;0,001994;;;;;;;;;;;;;;;;;;;;;
pth;16;128;0,000848;0,000277;0,001133;;;;;;;;;;;;;;;;;;;;;
pth;16;128;0,000798;0,000426;0,001231;;;;;;;;;;;;;;;;;;;;;
pth;16;128;0,001435;0,000274;0,001717;;;;;;;;;;;;;;;;;;;;;
pth;16;128;0,001028;0,000313;0,001349;;;;;;;;;;;;;;;;;;;;;
pth;16;128;0,000794;0,000268;0,001069;;;;;;;;;;;;;;;;;;;;;
\n;;;;;;;;;;;;;;;;;;;;;;;;;;
pth;16;256;0,003559;0,001451;0,005019;0,0317075;;;;;;;;;;;;;;;;;;;;
pth;16;256;0,003715;0,001131;0,004856;;;;;;;;;;;;;;;;;;;;;
pth;16;256;0,003633;0,001012;0,004657;;;;;;;;;;;;;;;;;;;;;
pth;16;256;0,002977;0,001737;0,004725;;;;;;;;;;;;;;;;;;;;;
pth;16;256;0,003359;0,001234;0,004602;;;;;;;;;;;;;;;;;;;;;
pth;16;256;0,002709;0,001021;0,003739;;;;;;;;;;;;;;;;;;;;;
pth;16;256;0,002974;0,001222;0,004204;;;;;;;;;;;;;;;;;;;;;
pth;16;256;0,004802;0,001483;0,006293;;;;;;;;;;;;;;;;;;;;;
pth;16;256;0,003216;0,001018;0,004244;;;;;;;;;;;;;;;;;;;;;
pth;16;256;0,005560;0,001274;0,006844;;;;;;;;;;;;;;;;;;;;;
\n;;;;;;;;;;;;;;;;;;;;;;;;;;
pth;16;512;0,010659;0,004232;0,014903;0,0317075;;;;;;;;;;;;;;;;;;;;
pth;16;512;0,013625;0,004320;0,017962;;;;;;;;;;;;;;;;;;;;;
pth;16;512;0,014926;0,004203;0,019148;;;;;;;;;;;;;;;;;;;;;
pth;16;512;0,015058;0,004182;0,019254;;;;;;;;;;;;;;;;;;;;;
pth;16;512;0,012246;0,004181;0,016446;;;;;;;;;;;;;;;;;;;;;
pth;16;512;0,013918;0,004900;0,018835;;;;;;;;;;;;;;;;;;;;;
pth;16;512;0,013280;0,004561;0,017858;;;;;;;;;;;;;;;;;;;;;
pth;16;512;0,013987;0,006901;0,020902;;;;;;;;;;;;;;;;;;;;;
pth;16;512;0,014824;0,006457;0,021294;;;;;;;;;;;;;;;;;;;;;
pth;16;512;0,012764;0,003999;0,016780;;;;;;;;;;;;;;;;;;;;;
\n;;;;;;;;;;;;;;;;;;;;;;;;;;
pth;16;1024;0,049040;0,022422;0,071480;0,1050028;;;;;;;;;;;;;;;;;;;;
pth;16;1024;0,051335;0,019146;0,070498;;;;;;;;;;;;;;;;;;;;;
pth;16;1024;0,050052;0,015803;0,065871;;;;;;;;;;;;;;;;;;;;;
pth;16;1024;0,049792;0,019571;0,069386;;;;;;;;;;;;;;;;;;;;;
pth;16;1024;0,048083;0,019839;0,067936;;;;;;;;;;;;;;;;;;;;;
pth;16;1024;0,060859;0,022027;0,082909;;;;;;;;;;;;;;;;;;;;;
pth;16;1024;0,043593;0,020189;0,063805;;;;;;;;;;;;;;;;;;;;;
pth;16;1024;0,043342;0,022695;0,066055;;;;;;;;;;;;;;;;;;;;;
pth;16;1024;0,047391;0,015958;0,063367;;;;;;;;;;;;;;;;;;;;;
pth;16;1024;0,048161;0,019735;0,067920;;;;;;;;;;;;;;;;;;;;;
\n;;;;;;;;;;;;;;;;;;;;;;;;;;
pth;16;2048;0,186704;0,086044;0,272771;0,1050028;;;;;;;;;;;;;;;;;;;;
pth;16;2048;0,180065;0,095704;0,275786;;;;;;;;;;;;;;;;;;;;;
pth;16;2048;0,203699;0,099011;0,302728;;;;;;;;;;;;;;;;;;;;;
pth;16;2048;0,188131;0,075086;0,263239;;;;;;;;;;;;;;;;;;;;;
pth;16;2048;0,193357;0,081775;0,275155;;;;;;;;;;;;;;;;;;;;;
pth;16;2048;0,185123;0,087994;0,273137;;;;;;;;;;;;;;;;;;;;;
pth;16;2048;0,189126;0,079976;0,269120;;;;;;;;;;;;;;;;;;;;;
pth;16;2048;0,183851;0,092533;0,276408;;;;;;;;;;;;;;;;;;;;;
pth;16;2048;0,196861;0,080888;0,277772;;;;;;;;;;;;;;;;;;;;;
pth;16;2048;0,186141;0,084276;0,270442;;;;;;;;;;;;;;;;;;;;;
\n;;;;;;;;;;;;;;;;;;;;;;;;;;
pth;16;4096;0,730615;0,362788;1.093.424;0,3516418;;;;;;;;;;;;;;;;;;;;
pth;16;4096;0,717868;0,360922;1.078.812;;;;;;;;;;;;;;;;;;;;;
pth;16;4096;0,745345;0,412485;1.157.852;;;;;;;;;;;;;;;;;;;;;
pth;16;4096;0,701735;0,369620;1.071.377;;;;;;;;;;;;;;;;;;;;;
pth;16;4096;0,745797;0,375920;1.121.744;;;;;;;;;;;;;;;;;;;;;
pth;16;4096;0,720449;0,349695;1.070.167;;;;;;;;;;;;;;;;;;;;;
pth;16;4096;0,649869;0,355557;1.005.448;;;;;;;;;;;;;;;;;;;;;
pth;16;4096;0,684291;0,375501;1.059.818;;;;;;;;;;;;;;;;;;;;;
pth;16;4096;0,794986;0,370505;1.165.513;;;;;;;;;;;;;;;;;;;;;
pth;16;4096;0,699822;0,391446;1.091.290;;;;;;;;;;;;;;;;;;;;;
\n;;;;;;;;;;;;;;;;;;;;;;;;;;
pth;16;8192;2.888.029;1.480.870;4.368.922;0,71778675;;;;;;;;;;;;;;;;;;;;
pth;16;8192;2.871.183;1.472.819;4.344.022;;;;;;;;;;;;;;;;;;;;;
pth;16;8192;2.886.250;1.492.148;4.378.422;;;;;;;;;;;;;;;;;;;;;
pth;16;8192;2.784.151;2.152.541;4.936.714;;;;;;;;;;;;;;;;;;;;;
pth;16;8192;2.904.193;1.466.345;4.370.557;;;;;;;;;;;;;;;;;;;;;
pth;16;8192;2.847.158;1.467.186;4.314.367;;;;;;;;;;;;;;;;;;;;;
pth;16;8192;2.845.063;1.444.223;4.289.307;;;;;;;;;;;;;;;;;;;;;
pth;16;8192;2.827.326;1.520.619;4.347.959;;;;;;;;;;;;;;;;;;;;;
pth;16;8192;2.862.694;1.471.182;4.333.897;;;;;;;;;;;;;;;;;;;;;
pth;16;8192;2.848.817;1.504.917;4.353.753;;;;;;;;;;;;;;;;;;;;;
\n;;;;;;;;;;;;;;;;;;;;;;;;;;
pth;32;16;0,000685;0,013736;0,014436;0,000501;0,006326;;0,029659;;;;;;;;;;;;;;;;;
pth;32;16;0,000590;0,000040;0,000638;;;;;;;;;;;;;;;;;;;;;
pth;32;16;0,000499;0,000039;0,000546;;;;;;;;;;;;;;;;;;;;;
pth;32;16;0,000579;0,000041;0,000627;;;;;;;;;;;;;;;;;;;;;
pth;32;16;0,000480;0,000041;0,000528;;;;;;;;;;;;;;;;;;;;;
pth;32;16;0,000443;0,000040;0,000490;;;;;;;;;;;;;;;;;;;;;
pth;32;16;0,000421;0,000039;0,000467;;;;;;;;;;;;;;;;;;;;;
pth;32;16;0,000435;0,000040;0,000482;;;;;;;;;;;;;;;;;;;;;
pth;32;16;0,000413;0,000040;0,000460;;;;;;;;;;;;;;;;;;;;;
pth;32;16;0,000466;0,000043;0,000515;;;;;;;;;;;;;;;;;;;;;
\n;;;;;;;;;;;;;;;;;;;;;;;;;;
pth;32;32;0,000424;0,000060;0,000491;0,000249;;;;;;;;;;;;;;;;;;;;
pth;32;32;0,000442;0,000052;0,000501;;;;;;;;;;;;;;;;;;;;;
pth;32;32;0,000387;0,000046;0,000440;;;;;;;;;;;;;;;;;;;;;
pth;32;32;0,000416;0,000054;0,000477;;;;;;;;;;;;;;;;;;;;;
pth;32;32;0,000555;0,000079;0,000644;;;;;;;;;;;;;;;;;;;;;
pth;32;32;0,000463;0,000054;0,000523;;;;;;;;;;;;;;;;;;;;;
pth;32;32;0,000414;0,000050;0,000471;;;;;;;;;;;;;;;;;;;;;
pth;32;32;0,000519;0,000080;0,000608;;;;;;;;;;;;;;;;;;;;;
pth;32;32;0,000534;0,000079;0,000626;;;;;;;;;;;;;;;;;;;;;
pth;32;32;0,000420;0,000083;0,000510;;;;;;;;;;;;;;;;;;;;;
\n;;;;;;;;;;;;;;;;;;;;;;;;;;
pth;32;64;0,000567;0,000223;0,000799;0,0004945;;;;;;;;;;;;;;;;;;;;
pth;32;64;0,000527;0,000102;0,000636;;;;;;;;;;;;;;;;;;;;;
pth;32;64;0,000452;0,000101;0,000559;;;;;;;;;;;;;;;;;;;;;
pth;32;64;0,000464;0,000095;0,000565;;;;;;;;;;;;;;;;;;;;;
pth;32;64;0,000499;0,000102;0,000609;;;;;;;;;;;;;;;;;;;;;
pth;32;64;0,000549;0,000097;0,000653;;;;;;;;;;;;;;;;;;;;;
pth;32;64;0,000493;0,000111;0,000611;;;;;;;;;;;;;;;;;;;;;
pth;32;64;0,000491;0,000104;0,000602;;;;;;;;;;;;;;;;;;;;;
pth;32;64;0,000483;0,000099;0,000589;;;;;;;;;;;;;;;;;;;;;
pth;32;64;0,000476;0,000108;0,000591;;;;;;;;;;;;;;;;;;;;;
\n;;;;;;;;;;;;;;;;;;;;;;;;;;
pth;32;128;0,000878;0,000287;0,001172;0,0008749;;;;;;;;;;;;;;;;;;;;
pth;32;128;0,000815;0,000312;0,001135;;;;;;;;;;;;;;;;;;;;;
pth;32;128;0,001005;0,000284;0,001296;;;;;;;;;;;;;;;;;;;;;
pth;32;128;0,000940;0,000280;0,001227;;;;;;;;;;;;;;;;;;;;;
pth;32;128;0,001073;0,000311;0,001391;;;;;;;;;;;;;;;;;;;;;
pth;32;128;0,001170;0,000281;0,001458;;;;;;;;;;;;;;;;;;;;;
pth;32;128;0,001029;0,000284;0,001320;;;;;;;;;;;;;;;;;;;;;
pth;32;128;0,000880;0,000286;0,001173;;;;;;;;;;;;;;;;;;;;;
pth;32;128;0,001318;0,000281;0,001606;;;;;;;;;;;;;;;;;;;;;
pth;32;128;0,001086;0,000286;0,001380;;;;;;;;;;;;;;;;;;;;;
\n;;;;;;;;;;;;;;;;;;;;;;;;;;
pth;32;256;0,004926;0,001009;0,005942;0,0030725;;;;;;;;;;;;;;;;;;;;
pth;32;256;0,003894;0,001024;0,004926;;;;;;;;;;;;;;;;;;;;;
pth;32;256;0,003268;0,001016;0,004293;;;;;;;;;;;;;;;;;;;;;
pth;32;256;0,002939;0,001019;0,003966;;;;;;;;;;;;;;;;;;;;;
pth;32;256;0,005304;0,001026;0,006339;;;;;;;;;;;;;;;;;;;;;
pth;32;256;0,002758;0,001036;0,003803;;;;;;;;;;;;;;;;;;;;;
pth;32;256;0,004352;0,001047;0,005408;;;;;;;;;;;;;;;;;;;;;
pth;32;256;0,003670;0,001151;0,004831;;;;;;;;;;;;;;;;;;;;;
pth;32;256;0,002374;0,001140;0,003523;;;;;;;;;;;;;;;;;;;;;
pth;32;256;0,003489;0,001156;0,004653;;;;;;;;;;;;;;;;;;;;;
\n;;;;;;;;;;;;;;;;;;;;;;;;;;
pth;32;512;0,010385;0,004277;0,014676;0,0086459;;;;;;;;;;;;;;;;;;;;
pth;32;512;0,011083;0,006344;0,017446;;;;;;;;;;;;;;;;;;;;;
pth;32;512;0,014950;0,004292;0,019257;;;;;;;;;;;;;;;;;;;;;
pth;32;512;0,009924;0,004310;0,014249;;;;;;;;;;;;;;;;;;;;;
pth;32;512;0,012145;0,004085;0,016247;;;;;;;;;;;;;;;;;;;;;
pth;32;512;0,014087;0,005663;0,019765;;;;;;;;;;;;;;;;;;;;;
pth;32;512;0,013146;0,004449;0,017609;;;;;;;;;;;;;;;;;;;;;
pth;32;512;0,010709;0,004504;0,015230;;;;;;;;;;;;;;;;;;;;;
pth;32;512;0,011267;0,006543;0,017828;;;;;;;;;;;;;;;;;;;;;
pth;32;512;0,014470;0,007510;0,021997;;;;;;;;;;;;;;;;;;;;;
\n;;;;;;;;;;;;;;;;;;;;;;;;;;
pth;32;1024;0,045145;0,019070;0,064230;0,0276806;;;;;;;;;;;;;;;;;;;;
pth;32;1024;0,045679;0,017746;0,063442;;;;;;;;;;;;;;;;;;;;;
pth;32;1024;0,045980;0,019633;0,065632;;;;;;;;;;;;;;;;;;;;;
pth;32;1024;0,037353;0,133480;0,170851;;;;;;;;;;;;;;;;;;;;;
pth;32;1024;0,038970;0,134227;0,173214;;;;;;;;;;;;;;;;;;;;;
pth;32;1024;0,034388;0,141695;0,176105;;;;;;;;;;;;;;;;;;;;;
pth;32;1024;0,044205;0,131710;0,175940;;;;;;;;;;;;;;;;;;;;;
pth;32;1024;0,041654;0,136824;0,178493;;;;;;;;;;;;;;;;;;;;;
pth;32;1024;0,041877;0,124273;0,166167;;;;;;;;;;;;;;;;;;;;;
pth;32;1024;0,052194;0,096544;0,148762;;;;;;;;;;;;;;;;;;;;;
\n;;;;;;;;;;;;;;;;;;;;;;;;;;
pth;32;2048;0,147844;0,077900;0,225767;0,0856338;;;;;;;;;;;;;;;;;;;;
pth;32;2048;0,156798;0,081440;0,238260;;;;;;;;;;;;;;;;;;;;;
pth;32;2048;0,153389;0,078254;0,231668;;;;;;;;;;;;;;;;;;;;;
pth;32;2048;0,145019;0,084372;0,229414;;;;;;;;;;;;;;;;;;;;;
pth;32;2048;0,160042;0,082160;0,242227;;;;;;;;;;;;;;;;;;;;;
pth;32;2048;0,143348;0,083124;0,226496;;;;;;;;;;;;;;;;;;;;;
pth;32;2048;0,144430;0,080081;0,224533;;;;;;;;;;;;;;;;;;;;;
pth;32;2048;0,159738;0,082663;0,242424;;;;;;;;;;;;;;;;;;;;;
pth;32;2048;0,160289;0,080381;0,240692;;;;;;;;;;;;;;;;;;;;;
pth;32;2048;0,160478;0,083363;0,243860;;;;;;;;;;;;;;;;;;;;;
\n;;;;;;;;;;;;;;;;;;;;;;;;;;
pth;32;4096;0,557103;2.259.045;2.816.174;0,279978;;;;;;;;;;;;;;;;;;;;
pth;32;4096;0,572486;0,407197;0,979704;;;;;;;;;;;;;;;;;;;;;
pth;32;4096;0,596847;0,356307;0,953172;;;;;;;;;;;;;;;;;;;;;
pth;32;4096;0,552472;0,387405;0,939899;;;;;;;;;;;;;;;;;;;;;
pth;32;4096;0,586315;0,381235;0,967573;;;;;;;;;;;;;;;;;;;;;
pth;32;4096;0,547010;0,379511;0,926545;;;;;;;;;;;;;;;;;;;;;
pth;32;4096;0,518459;2.100.458;2.618.938;;;;;;;;;;;;;;;;;;;;;
pth;32;4096;0,588600;0,370089;0,958713;;;;;;;;;;;;;;;;;;;;;
pth;32;4096;0,555056;0,381960;0,937037;;;;;;;;;;;;;;;;;;;;;
pth;32;4096;0,567404;0,360256;0,927678;;;;;;;;;;;;;;;;;;;;;
\n;;;;;;;;;;;;;;;;;;;;;;;;;;
pth;32;8192;2.146.472;1.150.476;3.296.971;#REF!;;;;;;;;;;;;;;;;;;;;
pth;32;8192;2.082.724;1.496.014;3.578.761;;;;;;;;;;;;;;;;;;;;;
pth;32;8192;2.154.181;1.458.840;3.613.044;;;;;;;;;;;;;;;;;;;;;
pth;32;8192;2.222.109;1.521.545;3.743.676;;;;;;;;;;;;;;;;;;;;;
pth;32;8192;2.165.857;1.501.235;3.667.113;;;;;;;;;;;;;;;;;;;;;
pth;32;8192;2.051.165;2.430.456;4.481.645;;;;;;;;;;;;;;;;;;;;;
pth;32;8192;2.058.439;1.492.798;3.551.261;;;;;;;;;;;;;;;;;;;;;
pth;32;8192;2.097.276;1.452.567;3.549.867;;;;;;;;;;;;;;;;;;;;;
pth;32;8192;2.112.352;2.404.507;4.516.884;;;;;;;;;;;;;;;;;;;;;
pth;32;8192;2.186.170;1.464.754;3.650.942;;;;;;;;;;;;;;;;;;;;;
\n;;;;;;;;;;;;;;;;;;;;;;;;;;
;;;;;;;;;;;;;;;;;;;;;;;;;;
